Country name,Regional indicator,Ladder score,Standard error of ladder score,upperwhisker,lowerwhisker,Logged GDP per capita,Social support,Healthy life expectancy,Freedom to make life choices,Generosity,Perceptions of corruption,Ladder score in Dystopia,Explained by: Log GDP per capita,Explained by: Social support,Explained by: Healthy life expectancy,Explained by: Freedom to make life choices,Explained by: Generosity,Explained by: Perceptions of corruption,Dystopia + residual,Year
Finland,Western Europe,7.808700085,0.031156305,7.869766235,7.7476339339999996,10.63926697,0.954329729,71.9008255,0.949172199,-0.059482019000000004,0.19544458399999998,1.9723167419999998,1.285189509,1.499525905,0.961271405,0.66231674,0.159670442,0.477857262,2.7628350260000003,2020
Denmark,Western Europe,7.645599842,0.033492286,7.711244582999999,7.579955101,10.77400112,0.955990791,72.40250397,0.9514442679999999,0.06620177599999999,0.168489456,1.9723167419999998,1.326948524,1.5034492019999999,0.979332566,0.665039897,0.24279339600000002,0.49526032799999997,2.432740688,2020
Switzerland,Western Europe,7.559899807000001,0.035014171000000004,7.628527641,7.491271973,10.97993279,0.942846596,74.10244751,0.921336651,0.105911039,0.303728431,1.9723167419999998,1.39077425,1.4724034069999998,1.040533185,0.62895447,0.269055754,0.407945901,2.35026741,2020
Iceland,Western Europe,7.504499912000001,0.059615862,7.6213469510000005,7.387652874,10.77255917,0.9746695759999999,73.0,0.948891878,0.246944219,0.7117097379999999,1.9723167419999998,1.326501608,1.5475674869999998,1.000843406,0.661980748,0.362330228,0.14454077199999998,2.460688114,2020
Norway,Western Europe,7.487999916000001,0.034837384,7.55628109,7.419718742000001,11.08780384,0.952486575,73.20078278,0.955750287,0.13453263,0.26321819399999996,1.9723167419999998,1.42420733,1.4951725009999999,1.0080718990000002,0.670200884,0.287985086,0.43410056799999996,2.168266296,2020
Netherlands,Western Europe,7.448900223,0.02779175,7.5033721920000005,7.394428252999999,10.81271172,0.93913883,72.30091858,0.908547819,0.20761244,0.364717126,1.9723167419999998,1.338946342,1.463645935,0.9756753440000001,0.61362648,0.336317569,0.368569762,2.352117062,2020
Sweden,Western Europe,7.353499889,0.036234196,7.424519062000001,7.282480717,10.75879383,0.926311195,72.60076904,0.939144194,0.111614622,0.250880182,1.9723167419999998,1.322235227,1.4333477019999998,0.9864704609999999,0.6502977010000001,0.272827893,0.442066371,2.246299267,2020
New Zealand,North America and ANZ,7.2996001239999995,0.039465468,7.376952648,7.222247601,10.50094318,0.9491189720000001,73.20262909,0.9362174870000001,0.191598073,0.22113885,1.9723167419999998,1.242317915,1.48721838,1.008138299,0.646789908,0.325726211,0.46126827600000003,2.128108025,2020
Austria,Western Europe,7.294199944,0.033365163999999996,7.359595776,7.2288041110000005,10.7428236,0.9280458690000001,73.00250244,0.899989486,0.085429221,0.49995487899999996,1.9723167419999998,1.317285538,1.437444925,1.000933528,0.6033688779999999,0.255509764,0.28125613899999996,2.398446083,2020
Luxembourg,Western Europe,7.2375001910000005,0.030851794,7.297969817999999,7.177030563,11.45068073,0.9069122079999999,72.59999847,0.90563643,-0.004620588,0.367084295,1.9723167419999998,1.536676049,1.3875284190000001,0.986442685,0.610137045,0.19595392,0.367041469,2.153700352,2020
Canada,North America and ANZ,7.23210001,0.04040546,7.311294556,7.152905464,10.69236851,0.927176654,73.60160065,0.9339132309999999,0.124770768,0.390843362,1.9723167419999998,1.301647663,1.4353919030000002,1.022501945,0.644028127,0.28152892,0.35170185600000003,2.195269108,2020
Australia,North America and ANZ,7.222799778,0.041841116,7.30480814,7.140791416,10.72059631,0.9448546170000001,73.60453796,0.915431738,0.19046016,0.41516912,1.9723167419999998,1.310396433,1.477146268,1.022607684,0.621877193,0.324973613,0.335996419,2.129804134,2020
United Kingdom,Western Europe,7.164500237,0.037161909,7.237337589,7.091662884,10.60013485,0.93668282,72.30160522,0.834743679,0.263732493,0.43591591700000004,1.9723167419999998,1.273061037,1.457844973,0.97570008,0.525168657,0.37343344100000003,0.322601646,2.2367219919999997,2020
Israel,Middle East and North Africa,7.128600121,0.042515181,7.211929798,7.045270443,10.41752529,0.913571239,73.20025635,0.7475805879999999,0.10259372,0.78085506,1.9723167419999998,1.216463685,1.4032567740000002,1.008052945,0.42069947700000004,0.26686179600000004,0.09989845,2.713358402,2020
Costa Rica,Latin America and Caribbean,7.121399879,0.044816117999999995,7.209239482999999,7.033560276,9.658156395,0.901545942,71.29985046,0.9347389340000001,-0.10242971,0.7863324279999999,1.9723167419999998,0.981107712,1.374853611,0.9396353359999999,0.6450177429999999,0.131266311,0.096362092,2.953135014,2020
Ireland,Western Europe,7.093699932000001,0.039863452,7.171832085,7.01556778,11.16097832,0.9420815709999999,72.30078888,0.8869829770000001,0.145784974,0.357184172,1.9723167419999998,1.446886778,1.470596433,0.975670695,0.587779939,0.295426995,0.37343326200000004,1.943878174,2020
Germany,Western Europe,7.075799942000001,0.035609804,7.145595074,7.00600481,10.7328186,0.898874462,72.20201874,0.867371082,0.08017938599999999,0.456422031,1.9723167419999998,1.314184546,1.3685437440000001,0.9721148009999999,0.564274132,0.252037704,0.309362292,2.2952494619999997,2020
United States,North America and ANZ,6.939599991000001,0.047316168,7.032339573,6.846860409,10.92576885,0.914219022,68.29949951,0.842619538,0.149891734,0.6997153159999999,1.9723167419999998,1.37398684,1.4047867059999999,0.831618011,0.534608245,0.298143059,0.152284741,2.344124794,2020
Czech Republic,Central and Eastern Europe,6.9109001160000005,0.042891297,6.9949669839999995,6.826833248,10.40416336,0.914430678,70.04793549,0.818537354,-0.230861515,0.85844624,1.9723167419999998,1.212322354,1.40528667,0.89456445,0.505744576,0.046325929,0.049803223,2.796808243,2020
Belgium,Western Europe,6.863500117999999,0.034370355,6.930866241,6.796133995,10.673639300000001,0.911632538,72.00164795,0.813582063,-0.078691199,0.612297952,1.9723167419999998,1.2958427670000001,1.3986775880000002,0.964901149,0.499805421,0.146966159,0.208724052,2.348626614,2020
United Arab Emirates,Middle East and North Africa,6.790800095,0.040698379,6.8705687520000005,6.711031437000001,11.1099987,0.8491811159999999,67.08278656,0.941345513,0.123450845,0.594502211,1.9723167419999998,1.4310864209999998,1.251170993,0.787814438,0.652936101,0.28065598,0.220213518,2.166965961,2020
Malta,Western Europe,6.772799968999999,0.042958103,6.856997967000001,6.688601971000001,10.53383827,0.93037951,72.19999695,0.9249114390000001,0.214965805,0.658547282,1.9723167419999998,1.2525132890000001,1.442956924,0.9720420240000001,0.633239031,0.341180831,0.17886407699999998,1.9520120619999999,2020
France,Western Europe,6.663799762999999,0.037576791,6.7374501229999995,6.590149403,10.58422279,0.937103748,73.80193329,0.8254676459999999,-0.130641967,0.583521128,1.9723167419999998,1.268129349,1.458839178,1.029714227,0.5140509010000001,0.112607703,0.227303237,2.053198338,2020
Mexico,Latin America and Caribbean,6.465000152999999,0.048122469,6.559319972999999,6.370680332,9.797797203,0.8386654259999999,68.29902649,0.8587092759999999,-0.175266623,0.806821585,1.9723167419999998,1.024387479,1.226333499,0.831601024,0.553892553,0.083094485,0.083133668,2.6625401969999998,2020
Taiwan Province of China,East Asia,6.45539999,0.039139576,6.532113552,6.378686428,10.77568531,0.894309103,69.59999847,0.77153033,-0.07319869799999999,0.73188293,1.9723167419999998,1.3274705409999998,1.357760668,0.8784379959999999,0.44940438899999996,0.150598705,0.131516352,2.1602387430000003,2020
Uruguay,Latin America and Caribbean,6.440100192999999,0.045419082,6.529121399,6.351078987,9.948192596,0.92281127,69.00254822,0.892395437,-0.101103112,0.635994136,1.9723167419999998,1.071000457,1.425081134,0.856928885,0.59426707,0.132143691,0.19342507399999997,2.167276382,2020
Saudi Arabia,Middle East and North Africa,6.406499863,0.056533612000000004,6.517305851000001,6.2956938739999995,10.79781246,0.874067068,66.30514526,0.854191244,-0.16869506199999998,0.682619512,1.9723167419999998,1.334328532,1.309950113,0.759818137,0.548477471,0.087440684,0.163322315,2.203118801,2020
Spain,Western Europe,6.4008998870000005,0.04230037,6.483808517000001,6.317991257,10.46292686,0.921125412,74.40270996,0.751989543,-0.050961714000000005,0.765859902,1.9723167419999998,1.230535269,1.421099186,1.051343083,0.425983816,0.16530548,0.109579779,1.997088432,2020
Guatemala,Latin America and Caribbean,6.398900032,0.058398303,6.5133605,6.2844395639999995,8.924805641,0.8166214820000001,64.8089447,0.9081475729999999,-0.042938665,0.783237457,1.9723167419999998,0.7538157109999999,1.174267054,0.705952585,0.613146722,0.170611665,0.09836030000000001,2.882723093,2020
Italy,Western Europe,6.38740015,0.043288074,6.47224474,6.302555561,10.48183632,0.8898785709999999,73.60168457,0.66465199,-0.04346099900000001,0.873404682,1.9723167419999998,1.236396074,1.3472959999999998,1.0225049259999999,0.321305573,0.17026621100000003,0.040145598,2.249505997,2020
Singapore,Southeast Asia,6.377099991000001,0.033258967,6.442287445,6.311912537,11.39552116,0.9102689620000001,76.80458069,0.926645339,0.029879224,0.109784193,1.9723167419999998,1.519580126,1.39545691,1.137814283,0.635317206,0.21877090600000001,0.533162236,0.9370317459999999,2020
Brazil,Latin America and Caribbean,6.375599861,0.040790688,6.455549717,6.295650005,9.56643486,0.896723807,66.48016357,0.799804807,-0.10181239199999999,0.7706012729999999,1.9723167419999998,0.952679873,1.363464117,0.766119063,0.483292729,0.131674588,0.106518604,2.571860313,2020
Slovenia,Central and Eastern Europe,6.363399982000001,0.043841314000000006,6.449328899,6.277471066,10.39232254,0.939575672,71.1029892,0.936142623,-0.080603383,0.817071021,1.9723167419999998,1.208652496,1.464677691,0.932548046,0.646700144,0.145701498,0.076516323,1.888586521,2020
El Salvador,Latin America and Caribbean,6.34829998,0.058248438,6.462466717000001,6.234133244,8.909075737,0.8060922620000001,66.10826111,0.833805263,-0.12107297800000001,0.754319906,1.9723167419999998,0.748940408,1.149397612,0.752730012,0.5240439179999999,0.11893630000000001,0.11703035199999999,2.937191725,2020
Kosovo,Central and Eastern Europe,6.325200081,0.052216277,6.427544117,6.222856045,9.204429626,0.8207265140000001,63.88555527,0.861535907,0.19093376399999998,0.922328293,1.9723167419999998,0.8404813409999999,1.183962822,0.672709167,0.557280421,0.325286865,0.008559024,2.7369027139999997,2020
Panama,Latin America and Caribbean,6.304800033999999,0.059724930999999995,6.421860695,6.187739372,10.03423405,0.902094483,69.60301208,0.880366504,-0.153927714,0.851588905,1.9723167419999998,1.097667813,1.3761492969999998,0.878546536,0.57984978,0.097207308,0.054230525999999994,2.221176147,2020
Slovakia,Central and Eastern Europe,6.280600071,0.03889757,6.35683918,6.204360962000001,10.34774971,0.9224937559999999,68.90634155,0.7499526740000001,-0.12440930300000001,0.918096125,1.9723167419999998,1.194837689,1.424331188,0.853465259,0.423542529,0.11672977400000001,0.011291441000000001,2.256422043,2020
Uzbekistan,Commonwealth of Independent States,6.257599831,0.05422755,6.36388588,6.151313782000001,8.740371704,0.926595807,65.10757446,0.974998116,0.248427153,0.501497388,1.9723167419999998,0.6966529490000001,1.4340200419999998,0.716703713,0.6932703259999999,0.36331102299999996,0.280260265,2.073346615,2020
Chile,Latin America and Caribbean,6.228499889,0.045723889000000004,6.318118572,6.138881207000001,10.0320549,0.879713595,69.90061951,0.7448962929999999,-0.065668367,0.838239431,1.9723167419999998,1.096992493,1.323286891,0.889260828,0.41748222700000004,0.155579001,0.06284935,2.283012867,2020
Bahrain,Middle East and North Africa,6.227300167,0.081882261,6.387789249,6.066811085,10.67638016,0.876342118,68.5,0.905855775,0.13372919,0.7393470999999999,1.9723167419999998,1.296692252,1.31532371,0.838836372,0.610399902,0.287453711,0.12669725699999998,1.751917362,2020
Lithuania,Central and Eastern Europe,6.215499877999999,0.044193107999999995,6.302118301,6.128881454,10.34362602,0.926107109,67.29407501,0.747381449,-0.21972529600000001,0.809583843,1.9723167419999998,1.193559647,1.4328657390000001,0.795421183,0.42046079,0.053691040999999995,0.081350274,2.2381460669999997,2020
Trinidad and Tobago,Latin America and Caribbean,6.1918997760000005,0.114448458,6.416218757999999,5.967580795,10.26000214,0.91529417,63.5,0.8579071159999999,0.000526841,0.9122306109999999,1.9723167419999998,1.167641521,1.407326221,0.658828557,0.55293113,0.199358255,0.015078396,2.190695763,2020
Poland,Central and Eastern Europe,6.1862998010000005,0.035500165,6.2558803560000005,6.116719246000001,10.26512432,0.874257445,69.31113434,0.8620557790000001,-0.205084071,0.6869270209999999,1.9723167419999998,1.16922915,1.310399771,0.868038476,0.557903528,0.06337424400000001,0.160541251,2.056797981,2020
Colombia,Latin America and Caribbean,6.163400172999999,0.056480873,6.274102687999999,6.052697659,9.500369072,0.884440243,67.69958496,0.8361799120000001,-0.161235645,0.86457181,1.9723167419999998,0.93220371,1.33445096,0.8100201490000001,0.526890039,0.092374094,0.04584837,2.4216566090000002,2020
Cyprus,Western Europe,6.15899992,0.050605937999999996,6.258187771,6.0598120689999995,10.40570259,0.8059962390000001,73.70222473,0.7798582909999999,0.043731495999999995,0.8562717440000001,1.9723167419999998,1.21279943,1.149170756,1.0261245970000001,0.45938587200000003,0.227932334,0.051207144,2.032334805,2020
Nicaragua,Latin America and Caribbean,6.13710022,0.063886963,6.262318611,6.011881828,8.493160247999999,0.8574970359999999,67.50717926,0.8639028670000001,0.020959141,0.665950119,1.9723167419999998,0.620033145,1.27081275,0.803093255,0.560117304,0.212871477,0.174084574,2.496081114,2020
Romania,Central and Eastern Europe,6.123700142000001,0.047432564,6.216668128999999,6.030732155,10.107584,0.8251615170000001,67.20723724,0.842823207,-0.19781521,0.9343002440000001,1.9723167419999998,1.1204016209999998,1.1944381000000002,0.79229486,0.534852326,0.068181619,0.0008295689999999999,2.4127497669999998,2020
Kuwait,Middle East and North Africa,6.102099895,0.053297732,6.206563472999999,5.997636318,11.08982468,0.8464752440000001,66.76764679,0.8723664879999999,-0.100184701,0.7608490590000001,1.9723167419999998,1.424833655,1.244779825,0.776468933,0.5702614189999999,0.132751092,0.112814933,1.8401679990000002,2020
Mauritius,Sub-Saharan Africa,6.101299762999999,0.057226494,6.213463783,5.989135742,9.956786156,0.910357833,66.40434265,0.889534533,-0.018318573,0.8053430909999999,1.9723167419999998,1.07366395,1.3956668380000001,0.7633894090000001,0.590838134,0.18689455100000002,0.084088229,2.006720543,2020
Kazakhstan,Commonwealth of Independent States,6.0578999520000005,0.043229785,6.1426301,5.973169803999999,10.11465836,0.934744895,64.60996246,0.811601937,-0.068488635,0.7644908429999999,1.9723167419999998,1.122594237,1.453267694,0.6987889409999999,0.497432142,0.15371379300000002,0.11046368599999999,2.021602631,2020
Estonia,Central and Eastern Europe,6.0218000410000005,0.035985194,6.0923309329999995,5.95126915,10.34001732,0.9347299929999999,68.60495758,0.87770915,-0.111697771,0.623073816,1.9723167419999998,1.192441225,1.453232527,0.842615008,0.576664805,0.12513674800000002,0.201766819,1.629928112,2020
Philippines,Southeast Asia,6.006000042,0.049858402,6.103722572000001,5.908277512000001,8.993545532,0.8467300529999999,61.92676163,0.915463448,-0.105463006,0.7336341140000001,1.9723167419999998,0.7751206759999999,1.245381713,0.602189481,0.6219151620000001,0.12926021199999999,0.13038572699999998,2.501741886,2020
Hungary,Central and Eastern Europe,6.000400066,0.039473221,6.077767372,5.923032761,10.24924374,0.921934128,67.60997009,0.718964577,-0.19432301800000001,0.892916501,1.9723167419999998,1.1643071170000001,1.4230093959999999,0.806793869,0.386401802,0.070491239,0.027548173,2.1218457219999998,2020
Thailand,Southeast Asia,5.9987998010000005,0.042596295,6.082288742,5.91531086,9.741791725,0.8899732229999999,67.25059509,0.905063033,0.268685192,0.8862723109999999,1.9723167419999998,1.007029295,1.3475195169999998,0.7938558459999999,0.609449804,0.376709014,0.031837862,1.8323841090000001,2020
Argentina,Latin America and Caribbean,5.974699974,0.053441759000000005,6.079445839,5.869954109,9.810955048,0.900567949,68.80380249,0.831132412,-0.194913864,0.8420098420000001,1.9723167419999998,1.028465629,1.3725436930000001,0.849773705,0.520840347,0.070100471,0.06041505900000001,2.072540998,2020
Honduras,Latin America and Caribbean,5.953199862999999,0.065731592,6.082033634,5.824366092999999,8.424534798,0.821870148,67.19876862,0.870603263,0.086969115,0.801131904,1.9723167419999998,0.598763585,1.186664104,0.791989982,0.568148077,0.256528199,0.086807102,2.464295387,2020
Latvia,Central and Eastern Europe,5.9499998089999995,0.034838136,6.018282413,5.881717205,10.17531967,0.9182885890000001,66.8074646,0.671237648,-0.186888844,0.7955800890000001,1.9723167419999998,1.14139545,1.414398789,0.7779024240000001,0.329198807,0.075407945,0.090391524,2.121283054,2020
Ecuador,Latin America and Caribbean,5.925199986,0.052880634,6.028846263999999,5.8215537070000005,9.246058463999999,0.836418986,68.50003815,0.8598289490000001,-0.127014965,0.8012151120000001,1.9723167419999998,0.853383601,1.221027613,0.838837743,0.555234551,0.115006477,0.086753383,2.254933834,2020
Portugal,Western Europe,5.9109001160000005,0.053158198,6.015089989,5.8067102429999995,10.26374245,0.8865907190000001,72.40202332,0.8887478109999999,-0.220714301,0.8926295040000001,1.9723167419999998,1.168800831,1.3395303490000001,0.979315281,0.5898951889999999,0.053036947,0.027733466000000002,1.752558708,2020
Jamaica,Latin America and Caribbean,5.889800072000001,0.12059043300000001,6.126157284,5.65344286,9.006250381000001,0.9157018659999999,67.09999847,0.8580685259999999,-0.12510676699999998,0.8888900279999999,1.9723167419999998,0.779058397,1.408289194,0.7884340879999999,0.553124607,0.116268493,0.030147785,2.214436531,2020
South Korea,East Asia,5.872399807000001,0.044085015,5.958806515,5.785993099,10.51056671,0.7993871570000001,73.60272979999999,0.6129651070000001,-0.043404032,0.789067447,1.9723167419999998,1.245300651,1.133560538,1.0225425959999999,0.25935635,0.17030386600000003,0.09459628199999999,1.946757078,2020
Japan,East Asia,5.870800018,0.041391667,5.951927662,5.789672375,10.57968903,0.883545935,75.00096893,0.8099613790000001,-0.24691034899999997,0.654558063,1.9723167419999998,1.26672411,1.332338691,1.072881341,0.495465875,0.03571178,0.18143963800000001,1.4862003330000002,2020
Peru,Latin America and Caribbean,5.796800137000001,0.061311204,5.916970253,5.67663002,9.456313133,0.8310752509999999,68.10023499,0.8247660990000001,-0.16238822,0.8937149640000001,1.9723167419999998,0.91854918,1.208405972,0.824444175,0.513210058,0.091611817,0.02703266,2.213499546,2020
Serbia,Central and Eastern Europe,5.77820015,0.050712325,5.877596378,5.678803921,9.680980682000001,0.881475747,68.21020508,0.726495862,-0.073676221,0.843509018,1.9723167419999998,0.9881818290000001,1.327448964,0.828403294,0.395428419,0.15028289,0.059447147,2.0290400980000003,2020
Bolivia,Latin America and Caribbean,5.747499942999999,0.050645422,5.846765041,5.648234844,8.851115227000001,0.803108692,63.6004715,0.875873327,-0.09168113,0.8226062059999999,1.9723167419999998,0.7309763429999999,1.142350554,0.6624456639999999,0.5744645,0.13837507400000001,0.072942637,2.425928593,2020
Pakistan,South Asia,5.69329977,0.048216224,5.78780365,5.598795891,8.482727051,0.689062297,58.25313568,0.734833717,0.04489987,0.7457054259999999,1.9723167419999998,0.616799474,0.872979581,0.46993324200000003,0.405421734,0.22870506300000001,0.122592121,2.9768767360000004,2020
Paraguay,Latin America and Caribbean,5.6921000479999995,0.051957864000000006,5.793937682999999,5.590262413,9.389982224,0.8987278940000001,65.63993835,0.885923445,0.007997713,0.8347885009999999,1.9723167419999998,0.897990823,1.36819756,0.7358696459999999,0.586510062,0.20429924100000002,0.065077379,1.83412528,2020
Dominican Republic,Latin America and Caribbean,5.6891999239999995,0.069831297,5.826069355,5.552330494,9.664880753,0.882085383,65.80748749,0.8662027720000001,-0.131263286,0.755999923,1.9723167419999998,0.9831918479999999,1.328888893,0.7419016959999999,0.5628739,0.112196781,0.115945682,1.844246864,2020
Bosnia and Herzegovina,Central and Eastern Europe,5.674099922000001,0.046385962999999995,5.765016556,5.583183289,9.455817223,0.829204142,67.80813599,0.651352704,0.098274559,0.933769107,1.9723167419999998,0.91839546,1.203986526,0.813928187,0.305365741,0.264005244,0.001172487,2.16724205,2020
Moldova,Commonwealth of Independent States,5.607500076,0.042275578,5.690360069,5.5246400829999995,8.776714325,0.843313575,65.01301575,0.721609175,-0.037741039,0.913314283,1.9723167419999998,0.7079167959999999,1.237312198,0.713299453,0.38957148799999997,0.174049184,0.014378743999999999,2.370968342,2020
Tajikistan,Commonwealth of Independent States,5.555699825,0.032321576,5.619050026,5.492349625,8.024810791,0.835297108,64.10459137,0.831383407,-0.025088511,0.5920760629999999,1.9723167419999998,0.474874616,1.218377709,0.680594802,0.521141171,0.182417125,0.221779913,2.25650835,2020
Montenegro,Central and Eastern Europe,5.54610014,0.04898582,5.642112255,5.450088023999999,9.751860619,0.855314612,68.50534821,0.649565637,-0.075600356,0.7831215859999999,1.9723167419999998,1.010150075,1.265657902,0.839028895,0.303223848,0.14901033,0.09843511099999999,1.880565882,2020
Russia,Commonwealth of Independent States,5.546000004,0.039609671,5.623634815,5.468365192,10.12887192,0.903150737,64.10045624,0.729892612,-0.151153743,0.864802599,1.9723167419999998,1.126999617,1.3786441090000001,0.68044591,0.399499595,0.099041916,0.045699362,1.815716743,2020
Kyrgyzstan,Commonwealth of Independent States,5.541500092000001,0.043677468,5.627108097000001,5.455892086,8.148405075,0.8872284890000001,64.10601044,0.909374893,0.15477205800000002,0.888396084,1.9723167419999998,0.513180971,1.341036677,0.680645883,0.614617765,0.30137074,0.030466691,2.0602066519999997,2020
Belarus,Commonwealth of Independent States,5.539899826,0.037060037000000004,5.6125373839999995,5.467262268,9.779945374,0.90674746,66.10433197,0.6391630770000001,-0.164926544,0.63571167,1.9723167419999998,1.0188544990000001,1.38713932,0.75258857,0.29075586800000003,0.08993306,0.193607435,1.8069911,2020
North Cyprus,Western Europe,5.53550005,0.051037241,5.635532856,5.435467243,10.40570259,0.820356607,73.70222473,0.79529351,0.00022715900000000003,0.62611568,1.9723167419999998,1.21279943,1.183089137,1.0261245970000001,0.477885723,0.19916005399999998,0.199802905,1.23668766,2020
Greece,Western Europe,5.514999866,0.046931833,5.606986046,5.423013687,10.13232613,0.8143803479999999,72.40525818,0.5413451189999999,-0.30090737300000003,0.8599314090000001,1.9723167419999998,1.128070116,1.168973565,0.979431748,0.17351634800000001,0.0,0.048844352,2.016179085,2020
Hong Kong S.A.R. of China,East Asia,5.510399818,0.046019029,5.600596905,5.420202732000001,10.934671400000001,0.8459690809999999,76.77170563,0.7798337940000001,0.134979904,0.420607209,1.9723167419999998,1.3767460580000002,1.243584275,1.136630654,0.459356517,0.288280904,0.332485437,0.673293114,2020
Croatia,Central and Eastern Europe,5.504700184,0.037783645,5.578756332,5.430644035,10.07087517,0.874623716,70.21490479,0.714838803,-0.128538325,0.916495264,1.9723167419999998,1.109024286,1.311264873,0.900575578,0.38145688200000005,0.113998979,0.012325006000000001,1.676029205,2020
Libya,Middle East and North Africa,5.488800049,0.060677204000000005,5.607727528,5.36987257,9.789815903,0.8259429340000001,62.29999924,0.773157001,-0.085054487,0.668779135,1.9723167419999998,1.021913767,1.196283698,0.615626633,0.45135405700000003,0.14275769900000002,0.17225807899999998,1.888563156,2020
Mongolia,East Asia,5.4562001229999995,0.040313236,5.535213947000001,5.377186298,9.412186623,0.9371424909999999,62.30448532,0.693351328,0.09809386699999999,0.863511205,1.9723167419999998,0.904872775,1.4589306119999998,0.6157881620000001,0.355703115,0.26388573600000004,0.046533125999999994,1.8105275630000002,2020
Malaysia,Southeast Asia,5.384300232,0.048802696,5.479953289,5.288647175,10.26251888,0.816509426,67.10215759,0.8946268559999999,0.11472679699999999,0.8393023009999999,1.9723167419999998,1.168421626,1.17400229,0.7885118720000001,0.596941531,0.274886161,0.062163132999999995,1.319420815,2020
Vietnam,Southeast Asia,5.353499889,0.033800762000000005,5.41974926,5.287250519,8.809545517,0.849987149,67.95273590000001,0.939592957,-0.094533332,0.79642123,1.9723167419999998,0.718092382,1.253074765,0.819133997,0.650835574,0.136488721,0.089848459,1.685977936,2020
Indonesia,Southeast Asia,5.285600185,0.047692381,5.379077435,5.1921229360000005,9.36975193,0.808379889,62.15584946,0.8706144090000001,0.519586504,0.876296401,1.9723167419999998,0.891720712,1.1548008920000001,0.610437036,0.568161428,0.542646527,0.038278612999999996,1.4795734880000002,2020
Ivory Coast,Sub-Saharan Africa,5.233300208999999,0.073095515,5.376567364,5.090033054,8.225561142,0.658048689,49.50377274,0.727909327,-0.043991156,0.7907719609999999,1.9723167419999998,0.537094414,0.7997272609999999,0.154942513,0.39712253200000003,0.16991558699999998,0.09349579400000001,3.081022501,2020
Benin,Sub-Saharan Africa,5.21600008,0.077759244,5.368408203,5.063591957,7.674319744,0.46867114299999996,54.31246567,0.735182583,-0.003537213,0.7405325770000001,1.9723167419999998,0.366244704,0.352428436,0.328062952,0.40583989,0.196670428,0.125931874,3.440809727,2020
Maldives,South Asia,5.197599888,0.07198540099999999,5.338691235,5.056508541,9.518632889,0.91316092,70.59999847,0.8539627790000001,0.038085497999999995,0.824211061,1.9723167419999998,0.9378643040000001,1.402287602,0.9144395590000001,0.548203647,0.224198252,0.071906492,1.098674774,2020
Congo (Brazzaville),Sub-Saharan Africa,5.1943998339999995,0.077028967,5.345376492,5.043423176,8.536987305,0.6402280929999999,57.92448044,0.7190585140000001,-0.123674095,0.7517790790000001,1.9723167419999998,0.633616745,0.7576360109999999,0.45810112399999997,0.386514395,0.11721601300000001,0.118670784,2.7226195339999997,2020
Azerbaijan,Commonwealth of Independent States,5.164800167,0.034197241,5.231826782,5.097773552,9.687726974,0.819308281,65.50839996,0.786824107,-0.24025528100000001,0.55253756,1.9723167419999998,0.990272701,1.180613041,0.731134057,0.467734724,0.040113214,0.24730718100000001,1.507632971,2020
Macedonia,Central and Eastern Europe,5.1598000530000006,0.046761535,5.251452446,5.068147659,9.510591507000001,0.820392311,67.50442505,0.738840938,-0.019877451,0.8974905009999999,1.9723167419999998,0.935371995,1.183173537,0.802994132,0.41022458700000003,0.18586354,0.024595059,1.6175949569999999,2020
Ghana,Sub-Saharan Africa,5.1479997630000005,0.058634609000000004,5.262923717,5.033075809,8.350645065,0.728601098,57.20398712,0.794796526,0.09417085300000001,0.8479647640000001,1.9723167419999998,0.575862467,0.96636796,0.432162255,0.47729006399999996,0.261291206,0.056570380999999996,2.378437281,2020
Nepal,South Asia,5.137199879,0.057692084000000005,5.250276566,5.024123192,7.925357342000001,0.785512447,63.77917862,0.797565043,0.154168829,0.7380991579999999,1.9723167419999998,0.444050372,1.100789309,0.66887939,0.480608255,0.300971806,0.127502963,2.014386892,2020
Turkey,Middle East and North Africa,5.131800175,0.039838459,5.20988369,5.05371666,10.12941933,0.826313555,66.90281677,0.6088304520000001,-0.17104643600000002,0.748197377,1.9723167419999998,1.127169251,1.197159171,0.781335294,0.25440076,0.08588556900000001,0.120983243,1.5648167130000001,2020
China,East Asia,5.123899937,0.025901663999999998,5.174667358,5.073132515,9.688568115,0.798760593,69.2891922,0.898517907,-0.18142575,0.7539710999999999,1.9723167419999998,0.990533412,1.132080674,0.867248535,0.6016051170000001,0.079021044,0.117255554,1.336181879,2020
Turkmenistan,Commonwealth of Independent States,5.119100093999999,0.029379817000000003,5.17668438,5.061515808,9.74803257,0.958966196,62.21170807,0.8264570240000001,0.187671542,0.883691847,1.9723167419999998,1.008963585,1.510476947,0.6124480370000001,0.515236676,0.323129326,0.03350389,1.115337372,2020
Bulgaria,Central and Eastern Europe,5.101500034,0.04422117,5.188173293999999,5.014826775,9.869318962000001,0.937840343,66.80397797,0.745178163,-0.143908441,0.9355851409999999,1.9723167419999998,1.046554685,1.4605789180000002,0.7777768970000001,0.417820066,0.10383371300000001,0.0,1.2949614520000001,2020
Morocco,Middle East and North Africa,5.094799995,0.05565045,5.203875065,4.9857249260000005,8.940313339,0.5926284789999999,65.89624023,0.772072434,-0.240377247,0.8157246109999999,1.9723167419999998,0.75862211,0.6452084779999999,0.745096922,0.45005413899999996,0.040032551,0.07738560400000001,2.378402472,2020
Cameroon,Sub-Saharan Africa,5.084899902,0.067296073,5.216800213,4.952999592,8.118647575,0.700386405,52.704940799999996,0.7630518079999999,-0.00149645,0.8513365979999999,1.9723167419999998,0.503958046,0.89972645,0.270189553,0.43924248200000005,0.198020101,0.054393422000000004,2.719370842,2020
Venezuela,Latin America and Caribbean,5.053199768,0.06428051,5.179189682,4.927209854,8.977793693999999,0.890408158,66.50534058,0.62327832,-0.16909050899999997,0.837038398,1.9723167419999998,0.7702386379999999,1.3485468630000002,0.76702553,0.271717221,0.08717915400000001,0.06362477700000001,1.74484086,2020
Algeria,Middle East and North Africa,5.005099773,0.044236008,5.09180212,4.9183974269999995,9.537964821000001,0.8033851390000001,65.90517426,0.46661090899999996,-0.121105164,0.7354851370000001,1.9723167419999998,0.9438560009999999,1.143003583,0.745418549,0.083943799,0.118915014,0.12919065400000002,1.8408117290000001,2020
Senegal,Sub-Saharan Africa,4.980800152,0.05276908,5.084227562,4.8773727419999995,8.118982315,0.723616004,59.59915161,0.6905961629999999,-0.052335154,0.808785141,1.9723167419999998,0.5040618179999999,0.95459342,0.518391907,0.352400899,0.164397135,0.081865937,2.405123949,2020
Guinea,Sub-Saharan Africa,4.949299812,0.073042229,5.09246254,4.806137085,7.750990391,0.637573481,54.46780014,0.7068467740000001,0.076328471,0.761794448,1.9723167419999998,0.390007734,0.75136596,0.333655238,0.37187805799999996,0.249490842,0.11220455900000001,2.740729809,2020
Niger,Sub-Saharan Africa,4.909599781,0.07720828099999999,5.060927868,4.758271693999999,6.842166901000001,0.617435038,53.50009537,0.759772122,0.013860817,0.722530186,1.9723167419999998,0.10833033199999999,0.7038001420000001,0.29881635300000003,0.435311615,0.20817689600000003,0.137554765,3.017630577,2020
Laos,Southeast Asia,4.888599873,0.040268615,4.967526436,4.809673309,8.79858017,0.7375022170000001,58.70992279,0.907213569,0.11137148,0.634679317,1.9723167419999998,0.714693844,0.9873918890000001,0.48637828200000005,0.612027287,0.27266711,0.194273964,1.621152639,2020
Albania,Central and Eastern Europe,4.882699966000001,0.056115732,4.992686749,4.772713184,9.417930603,0.671070457,68.70813751,0.7819942240000001,-0.042309489000000006,0.896303713,1.9723167419999998,0.906653047,0.830483913,0.8463296290000001,0.461945891,0.171027765,0.025361285,1.640897036,2020
Cambodia,Southeast Asia,4.8484001160000005,0.058006870999999995,4.962093353,4.734706879,8.249890327000001,0.773080647,61.52996826,0.9597046379999999,0.051911179,0.8227690459999999,1.9723167419999998,0.544634938,1.0714260340000001,0.587904334,0.674940348,0.233342081,0.072837502,1.663300037,2020
Bangladesh,South Asia,4.832799911,0.040124192999999996,4.911443233,4.75415659,8.287063599,0.687292993,64.50306702,0.90062499,-0.033664726,0.661843538,1.9723167419999998,0.556156278,0.8688005809999999,0.694940507,0.604130566,0.17674511699999998,0.176735908,1.755261898,2020
Gabon,Sub-Saharan Africa,4.829299927,0.060268242,4.9474258419999995,4.711174011000001,9.680537224,0.787886858,59.71533966,0.7048292159999999,-0.22226162300000002,0.8491509559999999,1.9723167419999998,0.9880443809999999,1.10639751,0.522574842,0.36945989700000004,0.052013602,0.05580453900000001,1.7350275519999998,2020
South Africa,Sub-Saharan Africa,4.814099789,0.060023590999999994,4.931746006,4.696453571,9.403370857,0.8525322679999999,56.50601196,0.7593300940000001,-0.10977732400000001,0.843423843,1.9723167419999998,0.9021404390000001,1.259086251,0.407034069,0.43478182,0.12640684800000002,0.05950214,1.6251173019999998,2020
Iraq,Middle East and North Africa,4.7848000530000006,0.077791877,4.937272072,4.632328033,9.661095619,0.7476949690000001,59.90354919,0.633182645,-0.06956476,0.82226181,1.9723167419999998,0.9820187090000001,1.011466622,0.529350698,0.283588052,0.15300206800000002,0.073164992,1.752173662,2020
Lebanon,Middle East and North Africa,4.771500111,0.043753985,4.857257843,4.6857423780000005,9.3617239,0.824338138,67.10658264,0.5513575079999999,-0.06121527,0.90225625,1.9723167419999998,0.889232516,1.19249332,0.7886711359999999,0.18551667,0.158524141,0.021518147,1.53554225,2020
Burkina Faso,Sub-Saharan Africa,4.768700123,0.062067267,4.890351772,4.647048473,7.46854496,0.7129436140000001,53.88945389,0.665563583,-0.019080516000000002,0.739795029,1.9723167419999998,0.302467644,0.9293859,0.312833875,0.322398156,0.18639060899999998,0.126408055,2.588826418,2020
Gambia,Sub-Saharan Africa,4.750599861,0.067163654,4.882240772,4.61895895,7.321814537000001,0.6931687,55.01201629999999,0.733163178,0.34319871700000004,0.6907178159999999,1.9723167419999998,0.256990552,0.8826786879999999,0.35324788100000004,0.403419524,0.425989687,0.158093795,2.270216465,2020
Mali,Sub-Saharan Africa,4.729300021999999,0.064362764,4.8554511069999995,4.603148937,7.629852295,0.7314689759999999,51.72698212,0.71156615,-0.044366925999999994,0.839328408,1.9723167419999998,0.35246264899999996,0.97314173,0.234981522,0.377534449,0.16966705,0.06214627599999999,2.559335232,2020
Nigeria,Sub-Saharan Africa,4.724100113,0.05211626,4.826248168999999,4.621952057,8.57662487,0.73721689,49.86190796,0.759578407,0.033745807,0.861874342,1.9723167419999998,0.645901859,0.986717939,0.16783593600000002,0.435079455,0.221328124,0.047589935,2.2196354869999997,2020
Armenia,Commonwealth of Independent States,4.676799774,0.058595355999999994,4.791646481,4.561953068,9.100476265,0.7574794290000001,66.75065613,0.7120178340000001,-0.13877961,0.7735447879999999,1.9723167419999998,0.8082624079999999,1.0345768929999999,0.77585727,0.37807580799999996,0.107225738,0.104618184,1.468161583,2020
Georgia,Commonwealth of Independent States,4.672599792,0.043417412999999995,4.757698059,4.5875015260000005,9.226100922,0.629033029,64.49520874,0.8016415240000001,-0.22892037,0.665944695,1.9723167419999998,0.847198069,0.7311939000000001,0.6946576240000001,0.485494107,0.047609735,0.174088076,1.69239831,2020
Iran,Middle East and North Africa,4.672399998,0.05587802099999999,4.78192091,4.562879086000001,9.813719749,0.6946896909999999,66.00614929,0.647873282,0.11789110300000001,0.714635968,1.9723167419999998,1.029322505,0.8862711790000001,0.749053836,0.301195472,0.27697894,0.142651513,1.286969423,2020
Jordan,Middle East and North Africa,4.6333999630000005,0.058751218,4.748552322,4.518247604,9.025999069,0.80216372,66.79975128,0.75104779,-0.162565202,0.700344324,1.9723167419999998,0.785179198,1.140118599,0.777624726,0.42485508299999997,0.091494769,0.151878625,1.262258053,2020
Mozambique,Sub-Saharan Africa,4.623600006,0.079284087,4.778996944,4.468203068,7.069345951,0.723874032,54.20582199,0.864451885,0.032375867999999995,0.683019102,1.9723167419999998,0.178741366,0.9552028779999999,0.324223638,0.56077534,0.22042210399999998,0.163064316,2.221216202,2020
Kenya,Sub-Saharan Africa,4.583000183,0.067804985,4.715898037,4.450102329,8.02977562,0.702652037,60.09693146,0.829747558,0.294681519,0.831499159,1.9723167419999998,0.47641339899999996,0.905077755,0.536312759,0.519180536,0.39390209299999995,0.067201078,1.684904575,2020
Namibia,Sub-Saharan Africa,4.571100235,0.060983475,4.690628052,4.4515724180000005,9.203141212,0.846880972,56.50148773,0.767520964,-0.18530646,0.8514497879999999,1.9723167419999998,0.84008199,1.2457381490000001,0.40687117,0.44459897299999995,0.076454483,0.054320343,1.5030331609999998,2020
Ukraine,Commonwealth of Independent States,4.56069994,0.049683895,4.658080578,4.4633193019999995,9.010690689,0.878879368,64.60678101,0.663081884,-0.030933706000000002,0.920636714,1.9723167419999998,0.780434608,1.321316481,0.6986743809999999,0.319423705,0.17855131600000002,0.00965116,1.2526693340000001,2020
Liberia,Sub-Saharan Africa,4.557899952,0.08195635700000001,4.71853447,4.3972654339999995,7.054380417000001,0.70928055,56.09631348,0.735268712,0.04227322,0.8563759329999999,1.9723167419999998,0.174103007,0.9207339290000001,0.392284274,0.405943096,0.22696787100000002,0.051139875999999994,2.386757851,2020
Palestinian Territories,Middle East and North Africa,4.552800179,0.055874817,4.6623148919999995,4.443285465,8.389223099,0.825295925,62.25,0.645791829,-0.162079096,0.824199975,1.9723167419999998,0.587819219,1.194755554,0.613826573,0.29870075,0.091816261,0.07191365200000001,1.693985701,2020
Uganda,Sub-Saharan Africa,4.43200016,0.068495452,4.566251278,4.2977490430000005,7.500389576,0.7649946209999999,55.70820236,0.7317139509999999,0.099487431,0.8367378120000001,1.9723167419999998,0.31233742800000003,1.052327394,0.378311664,0.401682556,0.264807373,0.063818842,1.9586710930000002,2020
Chad,Sub-Saharan Africa,4.422699928,0.07523132099999999,4.570153236,4.27524662,7.467963696,0.632388055,48.22053909,0.587305248,0.017834719,0.8027608390000001,1.9723167419999998,0.30228748899999996,0.739118278,0.1087441,0.22860176899999998,0.210805088,0.085755408,2.74742651,2020
Tunisia,Middle East and North Africa,4.392199993,0.049670532,4.489554405,4.294845581000001,9.314972877999999,0.6887185570000001,66.89785767,0.593361557,-0.216413811,0.867590249,1.9723167419999998,0.874742687,0.8721677059999999,0.781156719,0.23586055600000003,0.055881143,0.043899573,1.528496742,2020
Mauritania,Sub-Saharan Africa,4.374599934,0.055093341,4.482583046,4.266616821,8.233919144,0.7908192279999999,57.01017761,0.551522553,-0.10600814199999999,0.746223509,1.9723167419999998,0.539684892,1.113323569,0.425184816,0.185714483,0.128899664,0.122257635,1.85955739,2020
Sri Lanka,South Asia,4.327000141,0.053085525,4.431047916,4.222952366,9.389969826,0.825374067,67.20006561,0.837633669,0.081129618,0.859001756,1.9723167419999998,0.897986948,1.19494009,0.792036712,0.528632462,0.25266614600000004,0.049444564,0.611288548,2020
Congo (Kinshasa),Sub-Saharan Africa,4.31099987,0.10899823199999999,4.524636269,4.097363472,6.694256306000001,0.6721590159999999,52.90000153,0.700793564,0.083637655,0.809403598,1.9723167419999998,0.062487468,0.833055019,0.277212054,0.36462298,0.254324883,0.081466645,2.437864304,2020
Swaziland,Sub-Saharan Africa,4.3081002239999995,0.07145194,4.448145866,4.168054581,9.16267395,0.7702901959999999,51.18823624,0.646822274,-0.19920142,0.708263338,1.9723167419999998,0.827539742,1.064835191,0.215585828,0.299935788,0.067264833,0.14676587300000002,1.6862072940000001,2020
Myanmar,Southeast Asia,4.308000088,0.042949215,4.392180443,4.223819733,8.680481911000001,0.78440702,58.96171188,0.895075202,0.560663998,0.645124316,1.9723167419999998,0.67809093,1.098178267,0.49544307600000004,0.5974788670000001,0.569813728,0.18753035399999998,0.6814625259999999,2020
Comoros,Sub-Saharan Africa,4.288599968,0.084340192,4.453906536,4.1232934000000006,7.833630085,0.625662446,57.34901047,0.547612607,0.09000840800000001,0.780622602,1.9723167419999998,0.41562077399999997,0.723232806,0.43738332399999996,0.18102823199999998,0.258538276,0.100048535,2.17276907,2020
Togo,Sub-Saharan Africa,4.187200069,0.062506773,4.309713363999999,4.064686775,7.357711315,0.551312625,54.71989822,0.6498286129999999,0.002667875,0.7577334640000001,1.9723167419999998,0.268116266,0.547622859,0.34273117799999997,0.303539038,0.200774252,0.114826456,2.409595251,2020
Ethiopia,Sub-Saharan Africa,4.186200142,0.038915094,4.262473583,4.109926701,7.5093855860000005,0.743307352,58.63959122,0.740795195,0.043377332000000005,0.7536900040000001,1.9723167419999998,0.315125644,1.001103282,0.483846247,0.41256687,0.227698103,0.117437035,1.628459215,2020
Madagascar,Sub-Saharan Africa,4.165599823,0.057542104000000004,4.278382301000001,4.052817345,7.281685829,0.668195903,59.10542679,0.5575740929999999,-0.011823638999999999,0.8174856309999999,1.9723167419999998,0.244553208,0.823694348,0.500617027,0.192967549,0.191190064,0.076248638,2.136298418,2020
Egypt,Middle East and North Africa,4.151400089,0.035979423999999996,4.221919537,4.0808806419999994,9.316541672,0.7354478240000001,61.78015137,0.708354175,-0.196878314,0.787726879,1.9723167419999998,0.8752289409999999,0.982539535,0.596911311,0.37368473399999996,0.068801254,0.095461793,1.158818245,2020
Sierra Leone,Sub-Saharan Africa,3.926399946,0.061150789000000004,4.046255588999999,3.8065443039999995,7.26880312,0.636142015,50.86514282,0.715315044,0.088660747,0.861330688,1.9723167419999998,0.24056038300000002,0.747984946,0.20395396600000001,0.38202768600000003,0.257647008,0.047940935999999996,2.046271801,2020
Burundi,Sub-Saharan Africa,3.775300026,0.107122384,3.98526001,3.565340042,6.492642403,0.490325719,53.40000153,0.626350224,-0.017551597,0.606934547,1.9723167419999998,0.0,0.403575271,0.295212835,0.275399059,0.18740178600000001,0.212186828,2.4015073780000002,2020
Zambia,Sub-Saharan Africa,3.759399891,0.06067669,3.878326178,3.640473604,8.224720001,0.698824465,55.29937744,0.806500256,0.078037128,0.801289678,1.9723167419999998,0.536833763,0.8960372809999999,0.36359334,0.49131754,0.250620902,0.086705238,1.134339333,2020
Haiti,Latin America and Caribbean,3.720799923,0.101463005,3.919667482,3.521932364,7.411329268999999,0.593247831,55.59862518,0.537825167,0.40053457,0.6847672459999999,1.9723167419999998,0.284734428,0.646671355,0.37436673,0.169297516,0.463909656,0.161935672,1.619916916,2020
Lesotho,Sub-Saharan Africa,3.6528000830000003,0.082120985,3.813757181,3.491842985,7.9604883189999995,0.7804957029999999,48.00362396,0.738125861,-0.145732045,0.857392073,1.9723167419999998,0.45493874,1.088940024,0.100934811,0.40936753200000003,0.10262764199999999,0.050483823,1.445513964,2020
India,South Asia,3.573299885,0.027702235,3.6275963780000002,3.519003391,8.849823952000001,0.592200935,60.21518707,0.8814448709999999,0.057551607000000005,0.772042692,1.9723167419999998,0.730576158,0.644198656,0.54057014,0.5811422470000001,0.237072483,0.105587982,0.7341308590000001,2020
Malawi,Sub-Saharan Africa,3.538000107,0.07026051700000001,3.675710678,3.4002895360000003,7.062226295,0.544007301,57.59288788,0.803223193,0.021433279,0.731700778,1.9723167419999998,0.176534727,0.53036809,0.446163297,0.487389833,0.21318505699999998,0.131633952,1.5527182819999998,2020
Yemen,Middle East and North Africa,3.5274000169999997,0.054158084,3.633549929,3.421250105,7.759682655,0.817980587,56.72728348,0.599920273,-0.157735437,0.800287724,1.9723167419999998,0.392701775,1.177477121,0.41500017,0.243721485,0.09468901199999999,0.08735212699999999,1.1164727209999998,2020
Botswana,Sub-Saharan Africa,3.4788999560000002,0.060542690999999996,3.597563744,3.360236168,9.711203575,0.7791217570000001,58.92445374,0.8213281040000001,-0.250394493,0.777930915,1.9723167419999998,0.997548997,1.08569479,0.494101733,0.50908941,0.033407487,0.101786368,0.25724053399999997,2020
Tanzania,Sub-Saharan Africa,3.4762001039999997,0.06320975,3.600091219,3.352308989,7.967665195,0.6889331940000001,57.49607468,0.82153976,0.10966868699999999,0.619799435,1.9723167419999998,0.457163125,0.872674644,0.442677855,0.5093430879999999,0.27154091,0.20388086100000002,0.718963385,2020
Central African Republic,Sub-Saharan Africa,3.475899935,0.11518295099999999,3.701658487,3.250141382,6.625160217,0.31945985600000004,45.20000076,0.640880644,0.082410358,0.891806662,1.9723167419999998,0.041072082,0.0,0.0,0.292814463,0.253513217,0.028264717999999998,2.8601975439999996,2020
Rwanda,Sub-Saharan Africa,3.312299967,0.052425209,3.415053368,3.209546566,7.600104332000001,0.54083544,61.09884644,0.9005894059999999,0.055483952,0.183541179,1.9723167419999998,0.343242675,0.522876322,0.572383285,0.604087889,0.235704988,0.485542476,0.548444986,2020
Zimbabwe,Sub-Saharan Africa,3.2992000580000003,0.058674462000000004,3.414201975,3.1841981410000004,7.865711688999999,0.7630927559999999,55.61725998,0.711457908,-0.072063953,0.81023699,1.9723167419999998,0.425564021,1.0478352309999999,0.375037611,0.37740472,0.151349187,0.080928579,0.841031075,2020
South Sudan,Sub-Saharan Africa,2.8166000839999996,0.107610404,3.027516365,2.605683804,7.425359726,0.553707123,51.0,0.451313615,0.016518548,0.7634173040000001,1.9723167419999998,0.289082974,0.5532785060000001,0.208809033,0.065609254,0.209934607,0.111156799,1.3787512780000002,2020
Afghanistan,South Asia,2.566900015,0.031311426,2.6282703880000002,2.505529642,7.4628605839999995,0.470366955,52.59000015,0.39657300700000003,-0.0964294,0.9336865540000001,1.9723167419999998,0.30070585,0.356433839,0.266051531,0.0,0.135234714,0.001225785,1.507235646,2020
Finland,Western Europe,7.8420000000000005,0.032,7.904,7.78,10.775,0.9540000000000001,72.0,0.9490000000000001,-0.098,0.18600000000000003,2.43,1.446,1.1059999999999999,0.741,0.691,0.124,0.48100000000000004,3.253,2021
Denmark,Western Europe,7.62,0.035,7.687,7.5520000000000005,10.933,0.9540000000000001,72.7,0.946,0.03,0.179,2.43,1.5019999999999998,1.1079999999999999,0.763,0.6859999999999999,0.20800000000000002,0.485,2.8680000000000003,2021
Switzerland,Western Europe,7.571000000000001,0.036000000000000004,7.643,7.5,11.117,0.9420000000000001,74.4,0.919,0.025,0.292,2.43,1.5659999999999998,1.079,0.816,0.653,0.204,0.413,2.839,2021
Iceland,Western Europe,7.553999999999999,0.059000000000000004,7.67,7.438,10.878,0.983,73.0,0.955,0.16,0.6729999999999999,2.43,1.482,1.172,0.772,0.698,0.293,0.17,2.967,2021
Netherlands,Western Europe,7.4639999999999995,0.027000000000000003,7.518,7.41,10.932,0.9420000000000001,72.4,0.9129999999999999,0.175,0.33799999999999997,2.43,1.501,1.079,0.753,0.647,0.302,0.384,2.798,2021
Norway,Western Europe,7.392,0.035,7.462000000000001,7.3229999999999995,11.052999999999999,0.9540000000000001,73.3,0.96,0.09300000000000001,0.27,2.43,1.5430000000000001,1.1079999999999999,0.782,0.703,0.249,0.42700000000000005,2.58,2021
Sweden,Western Europe,7.3629999999999995,0.036000000000000004,7.433,7.292999999999999,10.867,0.934,72.7,0.945,0.086,0.237,2.43,1.4780000000000002,1.062,0.763,0.685,0.244,0.44799999999999995,2.6830000000000003,2021
Luxembourg,Western Europe,7.324,0.037000000000000005,7.396,7.252000000000001,11.647,0.9079999999999999,72.6,0.907,-0.034,0.386,2.43,1.751,1.003,0.76,0.639,0.166,0.353,2.653,2021
New Zealand,North America and ANZ,7.277,0.04,7.355,7.1979999999999995,10.642999999999999,0.948,73.4,0.929,0.134,0.242,2.43,1.4,1.094,0.785,0.665,0.276,0.445,2.612,2021
Austria,Western Europe,7.268,0.036000000000000004,7.337000000000001,7.1979999999999995,10.905999999999999,0.934,73.3,0.9079999999999999,0.042,0.48100000000000004,2.43,1.492,1.062,0.782,0.64,0.215,0.292,2.784,2021
Australia,North America and ANZ,7.183,0.040999999999999995,7.265,7.102,10.796,0.94,73.9,0.914,0.159,0.442,2.43,1.453,1.0759999999999998,0.8009999999999999,0.647,0.29100000000000004,0.317,2.5980000000000003,2021
Israel,Middle East and North Africa,7.157,0.034,7.224,7.09,10.575,0.9390000000000001,73.503,0.8,0.031,0.753,2.43,1.376,1.074,0.7879999999999999,0.509,0.20800000000000002,0.11900000000000001,3.083,2021
Germany,Western Europe,7.155,0.04,7.232,7.077000000000001,10.873,0.903,72.5,0.875,0.011000000000000001,0.46,2.43,1.48,0.993,0.757,0.6,0.195,0.306,2.824,2021
Canada,North America and ANZ,7.103,0.042,7.185,7.021,10.776,0.9259999999999999,73.8,0.915,0.08900000000000001,0.415,2.43,1.4469999999999998,1.044,0.7979999999999999,0.648,0.24600000000000002,0.335,2.585,2021
Ireland,Western Europe,7.085,0.04,7.164,7.006,11.342,0.9470000000000001,72.4,0.879,0.077,0.363,2.43,1.6440000000000001,1.092,0.753,0.606,0.23800000000000002,0.36700000000000005,2.384,2021
Costa Rica,Latin America and Caribbean,7.069,0.055999999999999994,7.178999999999999,6.96,9.88,0.8909999999999999,71.4,0.934,-0.126,0.809,2.43,1.1340000000000001,0.966,0.722,0.6729999999999999,0.105,0.083,3.387,2021
United Kingdom,Western Europe,7.064,0.038,7.138,6.99,10.707,0.934,72.5,0.8590000000000001,0.233,0.45899999999999996,2.43,1.423,1.062,0.757,0.58,0.34,0.306,2.596,2021
Czech Republic,Central and Eastern Europe,6.965,0.049,7.062,6.867999999999999,10.556,0.9470000000000001,70.807,0.858,-0.20800000000000002,0.868,2.43,1.37,1.09,0.703,0.58,0.052000000000000005,0.046,3.1239999999999997,2021
United States,North America and ANZ,6.9510000000000005,0.049,7.047000000000001,6.856,11.023,0.92,68.2,0.8370000000000001,0.098,0.698,2.43,1.5330000000000001,1.03,0.621,0.5539999999999999,0.252,0.154,2.807,2021
Belgium,Western Europe,6.834,0.034,6.901,6.767,10.823,0.9059999999999999,72.199,0.7829999999999999,-0.153,0.6459999999999999,2.43,1.463,0.998,0.747,0.489,0.08800000000000001,0.187,2.862,2021
France,Western Europe,6.69,0.037000000000000005,6.7620000000000005,6.617999999999999,10.704,0.9420000000000001,74.0,0.8220000000000001,-0.147,0.5710000000000001,2.43,1.421,1.081,0.804,0.536,0.092,0.235,2.521,2021
Bahrain,Middle East and North Africa,6.647,0.068,6.779,6.513999999999999,10.669,0.862,69.495,0.925,0.08900000000000001,0.722,2.43,1.409,0.899,0.662,0.6609999999999999,0.24600000000000002,0.139,2.6310000000000002,2021
Malta,Western Europe,6.602,0.044000000000000004,6.688,6.516,10.674000000000001,0.9309999999999999,72.2,0.927,0.133,0.653,2.43,1.411,1.055,0.747,0.664,0.275,0.183,2.2680000000000002,2021
Taiwan Province of China,East Asia,6.584,0.038,6.659,6.51,10.870999999999999,0.898,69.6,0.784,-0.07,0.721,2.43,1.48,0.982,0.665,0.49,0.142,0.139,2.687,2021
United Arab Emirates,Middle East and North Africa,6.561,0.039,6.6370000000000005,6.484,11.085,0.8440000000000001,67.333,0.932,0.07400000000000001,0.589,2.43,1.555,0.86,0.594,0.67,0.23600000000000002,0.223,2.4219999999999997,2021
Saudi Arabia,Middle East and North Africa,6.494,0.055999999999999994,6.604,6.3839999999999995,10.743,0.8909999999999999,66.60300000000001,0.877,-0.149,0.684,2.43,1.435,0.9640000000000001,0.5710000000000001,0.603,0.09,0.163,2.668,2021
Spain,Western Europe,6.4910000000000005,0.042,6.574,6.4079999999999995,10.571,0.932,74.7,0.7609999999999999,-0.081,0.745,2.43,1.375,1.057,0.826,0.462,0.135,0.124,2.513,2021
Italy,Western Europe,6.483,0.045,6.572,6.395,10.623,0.88,73.8,0.693,-0.084,0.866,2.43,1.393,0.94,0.7979999999999999,0.379,0.133,0.047,2.7939999999999996,2021
Slovenia,Central and Eastern Europe,6.461,0.043,6.546,6.376,10.529000000000002,0.948,71.4,0.9490000000000001,-0.10099999999999999,0.8059999999999999,2.43,1.36,1.093,0.722,0.69,0.122,0.085,2.388,2021
Guatemala,Latin America and Caribbean,6.435,0.073,6.577000000000001,6.292000000000001,9.052999999999999,0.813,64.958,0.9059999999999999,-0.038,0.775,2.43,0.845,0.79,0.519,0.638,0.163,0.105,3.375,2021
Uruguay,Latin America and Caribbean,6.431,0.046,6.521,6.341,9.966000000000001,0.925,69.1,0.8959999999999999,-0.092,0.59,2.43,1.1640000000000001,1.042,0.649,0.625,0.128,0.223,2.6,2021
Singapore,Southeast Asia,6.377000000000001,0.043,6.46,6.292999999999999,11.488,0.915,76.953,0.927,-0.018000000000000002,0.08199999999999999,2.43,1.695,1.0190000000000001,0.897,0.664,0.17600000000000002,0.547,1.379,2021
Kosovo,Central and Eastern Europe,6.372000000000001,0.059000000000000004,6.487,6.257000000000001,9.318,0.821,63.813,0.8690000000000001,0.257,0.917,2.43,0.937,0.807,0.483,0.593,0.35600000000000004,0.013999999999999999,3.182,2021
Slovakia,Central and Eastern Europe,6.331,0.040999999999999995,6.4110000000000005,6.251,10.369000000000002,0.9359999999999999,69.20100000000001,0.7659999999999999,-0.124,0.9109999999999999,2.43,1.304,1.0659999999999998,0.653,0.46799999999999997,0.107,0.018000000000000002,2.714,2021
Brazil,Latin America and Caribbean,6.33,0.043,6.415,6.245,9.577,0.882,66.601,0.804,-0.071,0.7559999999999999,2.43,1.028,0.9440000000000001,0.5710000000000001,0.514,0.142,0.11699999999999999,3.015,2021
Mexico,Latin America and Caribbean,6.317,0.053,6.42,6.212999999999999,9.859,0.831,68.597,0.862,-0.147,0.799,2.43,1.126,0.83,0.634,0.585,0.092,0.08900000000000001,2.9610000000000003,2021
Jamaica,Latin America and Caribbean,6.309,0.156,6.615,6.004,9.186,0.877,67.5,0.89,-0.13699999999999998,0.884,2.43,0.8909999999999999,0.932,0.599,0.618,0.099,0.035,3.135,2021
Lithuania,Central and Eastern Europe,6.255,0.045,6.343999999999999,6.167000000000001,10.499,0.935,67.906,0.773,-0.203,0.826,2.43,1.35,1.065,0.612,0.47600000000000003,0.055999999999999994,0.073,2.6239999999999997,2021
Cyprus,Western Europe,6.223,0.049,6.319,6.127999999999999,10.575999999999999,0.802,73.898,0.763,-0.015,0.8440000000000001,2.43,1.3769999999999998,0.765,0.8009999999999999,0.46399999999999997,0.17800000000000002,0.061,2.5780000000000003,2021
Estonia,Central and Eastern Europe,6.189,0.038,6.263,6.115,10.481,0.941,68.8,0.909,-0.106,0.527,2.43,1.344,1.079,0.64,0.6409999999999999,0.11900000000000001,0.263,2.103,2021
Panama,Latin America and Caribbean,6.18,0.073,6.3229999999999995,6.0360000000000005,10.35,0.8959999999999999,69.652,0.872,-0.166,0.856,2.43,1.298,0.976,0.667,0.596,0.079,0.053,2.509,2021
Uzbekistan,Commonwealth of Independent States,6.178999999999999,0.068,6.312,6.045,8.836,0.9179999999999999,65.255,0.97,0.311,0.515,2.43,0.769,1.0270000000000001,0.528,0.716,0.391,0.271,2.477,2021
Chile,Latin America and Caribbean,6.172000000000001,0.046,6.2620000000000005,6.081,10.071,0.882,70.0,0.742,-0.044000000000000004,0.83,2.43,1.2,0.946,0.6779999999999999,0.43799999999999994,0.159,0.07,2.682,2021
Poland,Central and Eastern Europe,6.166,0.04,6.245,6.087000000000001,10.382,0.898,69.702,0.841,-0.165,0.735,2.43,1.3090000000000002,0.982,0.6679999999999999,0.5579999999999999,0.08,0.13,2.438,2021
Kazakhstan,Commonwealth of Independent States,6.152,0.047,6.242999999999999,6.06,10.155,0.9520000000000001,65.2,0.853,-0.069,0.733,2.43,1.23,1.103,0.527,0.573,0.14300000000000002,0.132,2.4459999999999997,2021
Romania,Central and Eastern Europe,6.14,0.057,6.252999999999999,6.027,10.284,0.8320000000000001,67.355,0.845,-0.21899999999999997,0.938,2.43,1.275,0.8320000000000001,0.595,0.564,0.045,0.001,2.83,2021
Kuwait,Middle East and North Africa,6.106,0.066,6.235,5.977,10.817,0.843,66.9,0.867,-0.10400000000000001,0.736,2.43,1.4609999999999999,0.857,0.58,0.591,0.12,0.13,2.3680000000000003,2021
Serbia,Central and Eastern Europe,6.077999999999999,0.053,6.181,5.974,9.787,0.873,68.6,0.778,0.002,0.835,2.43,1.101,0.924,0.634,0.48200000000000004,0.18899999999999997,0.066,2.682,2021
El Salvador,Latin America and Caribbean,6.061,0.065,6.188,5.933,9.054,0.762,66.402,0.888,-0.11,0.688,2.43,0.845,0.675,0.565,0.615,0.11599999999999999,0.16,3.085,2021
Mauritius,Sub-Saharan Africa,6.0489999999999995,0.059000000000000004,6.165,5.933,10.008,0.905,66.70100000000001,0.867,-0.054000000000000006,0.789,2.43,1.178,0.996,0.574,0.59,0.153,0.096,2.4619999999999997,2021
Latvia,Central and Eastern Europe,6.032,0.036000000000000004,6.103,5.961,10.315,0.927,67.1,0.715,-0.162,0.8,2.43,1.285,1.047,0.5870000000000001,0.405,0.08199999999999999,0.08900000000000001,2.536,2021
Colombia,Latin America and Caribbean,6.0120000000000005,0.061,6.132000000000001,5.892,9.557,0.847,68.001,0.8370000000000001,-0.135,0.841,2.43,1.021,0.866,0.615,0.5539999999999999,0.1,0.063,2.7939999999999996,2021
Hungary,Central and Eastern Europe,5.992000000000001,0.047,6.085,5.899,10.357999999999999,0.943,68.0,0.755,-0.18600000000000003,0.8759999999999999,2.43,1.301,1.083,0.615,0.45399999999999996,0.067,0.04,2.432,2021
Thailand,Southeast Asia,5.985,0.047,6.077000000000001,5.893,9.805,0.888,67.40100000000001,0.884,0.287,0.895,2.43,1.107,0.9570000000000001,0.596,0.611,0.375,0.027999999999999997,2.309,2021
Nicaragua,Latin America and Caribbean,5.972,0.083,6.1339999999999995,5.81,8.62,0.8640000000000001,67.657,0.836,0.02,0.664,2.43,0.693,0.904,0.604,0.5529999999999999,0.201,0.17600000000000002,2.841,2021
Japan,East Asia,5.94,0.04,6.02,5.861000000000001,10.610999999999999,0.884,75.1,0.7959999999999999,-0.258,0.638,2.43,1.389,0.9490000000000001,0.838,0.504,0.02,0.192,2.048,2021
Argentina,Latin America and Caribbean,5.928999999999999,0.055999999999999994,6.04,5.819,9.962,0.898,69.0,0.828,-0.182,0.8340000000000001,2.43,1.162,0.98,0.6459999999999999,0.544,0.069,0.067,2.461,2021
Portugal,Western Europe,5.928999999999999,0.055,6.037000000000001,5.821000000000001,10.421,0.879,72.6,0.892,-0.244,0.887,2.43,1.3230000000000002,0.9390000000000001,0.76,0.621,0.028999999999999998,0.033,2.225,2021
Honduras,Latin America and Caribbean,5.919,0.08199999999999999,6.081,5.757999999999999,8.648,0.812,67.3,0.857,0.081,0.809,2.43,0.703,0.787,0.593,0.578,0.24100000000000002,0.083,2.9339999999999997,2021
Croatia,Central and Eastern Europe,5.882000000000001,0.048,5.975,5.787999999999999,10.217,0.924,70.79899999999999,0.754,-0.11800000000000001,0.9390000000000001,2.43,1.251,1.0390000000000001,0.703,0.45299999999999996,0.111,0.0,2.325,2021
Philippines,Southeast Asia,5.88,0.052000000000000005,5.982,5.778,9.076,0.83,62.0,0.917,-0.09699999999999999,0.742,2.43,0.853,0.828,0.426,0.6509999999999999,0.125,0.126,2.872,2021
South Korea,East Asia,5.845,0.042,5.928,5.763,10.651,0.799,73.9,0.672,-0.083,0.727,2.43,1.403,0.758,0.8009999999999999,0.353,0.134,0.135,2.262,2021
Peru,Latin America and Caribbean,5.84,0.075,5.9879999999999995,5.692,9.458,0.8320000000000001,68.25,0.8220000000000001,-0.154,0.8909999999999999,2.43,0.986,0.833,0.623,0.536,0.087,0.031,2.7439999999999998,2021
Bosnia and Herzegovina,Central and Eastern Europe,5.813,0.05,5.9110000000000005,5.715,9.59,0.87,68.098,0.706,0.113,0.9309999999999999,2.43,1.032,0.919,0.618,0.395,0.261,0.005,2.583,2021
Moldova,Commonwealth of Independent States,5.766,0.046,5.856,5.6770000000000005,9.454,0.857,65.699,0.8220000000000001,-0.079,0.9179999999999999,2.43,0.985,0.888,0.542,0.536,0.13699999999999998,0.013000000000000001,2.665,2021
Ecuador,Latin America and Caribbean,5.763999999999999,0.057,5.875,5.653,9.312999999999999,0.821,68.8,0.8420000000000001,-0.124,0.843,2.43,0.935,0.8059999999999999,0.64,0.56,0.107,0.062,2.653,2021
Kyrgyzstan,Commonwealth of Independent States,5.744,0.046,5.834,5.653,8.538,0.893,64.40100000000001,0.935,0.11900000000000001,0.9079999999999999,2.43,0.665,0.971,0.501,0.6729999999999999,0.266,0.02,2.648,2021
Greece,Western Europe,5.723,0.046,5.813,5.632000000000001,10.279000000000002,0.823,72.6,0.5820000000000001,-0.28800000000000003,0.823,2.43,1.273,0.8109999999999999,0.76,0.243,0.0,0.07400000000000001,2.5610000000000004,2021
Bolivia,Latin America and Caribbean,5.716,0.053,5.819,5.6129999999999995,9.046,0.81,63.901,0.875,-0.077,0.8390000000000001,2.43,0.8420000000000001,0.782,0.486,0.6,0.138,0.064,2.805,2021
Mongolia,East Asia,5.6770000000000005,0.042,5.76,5.595,9.4,0.935,62.5,0.708,0.11599999999999999,0.856,2.43,0.966,1.065,0.442,0.397,0.263,0.053,2.492,2021
Paraguay,Latin America and Caribbean,5.653,0.092,5.832000000000001,5.473,9.448,0.893,65.9,0.8759999999999999,0.027999999999999997,0.882,2.43,0.983,0.97,0.5489999999999999,0.602,0.20600000000000002,0.037000000000000005,2.306,2021
Montenegro,Central and Eastern Europe,5.581,0.054000000000000006,5.686,5.475,9.94,0.858,68.699,0.708,-0.034,0.812,2.43,1.155,0.8909999999999999,0.637,0.397,0.166,0.081,2.254,2021
Dominican Republic,Latin America and Caribbean,5.545,0.071,5.685,5.405,9.802,0.853,66.102,0.86,-0.133,0.7140000000000001,2.43,1.1059999999999999,0.879,0.555,0.581,0.10099999999999999,0.14400000000000002,2.178,2021
North Cyprus,Western Europe,5.5360000000000005,0.051,5.636,5.435,10.575999999999999,0.82,73.898,0.795,0.012,0.626,2.43,1.3769999999999998,0.8059999999999999,0.8009999999999999,0.503,0.196,0.2,1.653,2021
Belarus,Commonwealth of Independent States,5.534,0.047,5.625,5.442,9.853,0.91,66.253,0.65,-0.18,0.627,2.43,1.124,1.0070000000000001,0.56,0.326,0.07,0.19899999999999998,2.247,2021
Russia,Commonwealth of Independent States,5.477,0.033,5.541,5.412999999999999,10.189,0.903,64.703,0.718,-0.111,0.845,2.43,1.2409999999999999,0.992,0.511,0.409,0.115,0.06,2.148,2021
Hong Kong S.A.R. of China,East Asia,5.477,0.049,5.5729999999999995,5.38,11.0,0.836,76.82,0.7170000000000001,0.067,0.40299999999999997,2.43,1.525,0.841,0.893,0.408,0.23199999999999998,0.342,1.236,2021
Tajikistan,Commonwealth of Independent States,5.466,0.034,5.532,5.4,8.091000000000001,0.86,64.281,0.8320000000000001,-0.055999999999999994,0.5529999999999999,2.43,0.508,0.895,0.498,0.5479999999999999,0.152,0.247,2.6189999999999998,2021
Vietnam,Southeast Asia,5.4110000000000005,0.039,5.4879999999999995,5.334,8.972999999999999,0.85,68.03399999999999,0.94,-0.098,0.7959999999999999,2.43,0.8170000000000001,0.873,0.616,0.679,0.124,0.091,2.211,2021
Libya,Middle East and North Africa,5.41,0.076,5.558,5.2620000000000005,9.622,0.8270000000000001,62.3,0.7709999999999999,-0.087,0.667,2.43,1.044,0.821,0.435,0.474,0.131,0.174,2.331,2021
Malaysia,Southeast Asia,5.3839999999999995,0.049,5.48,5.289,10.238,0.8170000000000001,67.102,0.895,0.125,0.8390000000000001,2.43,1.2590000000000001,0.797,0.5870000000000001,0.624,0.27,0.064,1.784,2021
Indonesia,Southeast Asia,5.345,0.055999999999999994,5.454,5.235,9.365,0.8109999999999999,62.236000000000004,0.873,0.542,0.867,2.43,0.9540000000000001,0.7859999999999999,0.433,0.598,0.541,0.046,1.9869999999999999,2021
Congo (Brazzaville),Sub-Saharan Africa,5.3420000000000005,0.09699999999999999,5.5329999999999995,5.151,8.117,0.636,58.221000000000004,0.695,-0.068,0.745,2.43,0.518,0.392,0.307,0.381,0.14400000000000002,0.124,3.4760000000000004,2021
China,East Asia,5.3389999999999995,0.028999999999999998,5.397,5.281000000000001,9.673,0.8109999999999999,69.593,0.904,-0.146,0.755,2.43,1.061,0.785,0.665,0.636,0.09300000000000001,0.11699999999999999,1.982,2021
Ivory Coast,Sub-Saharan Africa,5.306,0.078,5.46,5.152,8.551,0.644,50.114,0.741,-0.016,0.794,2.43,0.669,0.409,0.052000000000000005,0.43799999999999994,0.177,0.092,3.469,2021
Armenia,Commonwealth of Independent States,5.2829999999999995,0.057999999999999996,5.397,5.167999999999999,9.487,0.799,67.055,0.825,-0.168,0.629,2.43,0.996,0.758,0.585,0.54,0.079,0.198,2.127,2021
Nepal,South Asia,5.269,0.07,5.406000000000001,5.132000000000001,8.12,0.774,64.233,0.782,0.152,0.727,2.43,0.519,0.7020000000000001,0.496,0.488,0.287,0.135,2.642,2021
Bulgaria,Central and Eastern Europe,5.266,0.054000000000000006,5.371,5.16,10.016,0.9309999999999999,67.0,0.7879999999999999,-0.096,0.932,2.43,1.181,1.055,0.583,0.494,0.125,0.005,1.8230000000000002,2021
Maldives,South Asia,5.1979999999999995,0.07200000000000001,5.3389999999999995,5.0569999999999995,9.826,0.9129999999999999,70.6,0.8540000000000001,0.024,0.825,2.43,1.115,1.015,0.6970000000000001,0.575,0.204,0.073,1.52,2021
Azerbaijan,Commonwealth of Independent States,5.171,0.04,5.25,5.091,9.568999999999999,0.836,65.656,0.8140000000000001,-0.223,0.506,2.43,1.025,0.841,0.541,0.526,0.043,0.276,1.919,2021
Cameroon,Sub-Saharan Africa,5.142,0.07400000000000001,5.287999999999999,4.996,8.189,0.71,53.515,0.731,0.026000000000000002,0.848,2.43,0.5429999999999999,0.556,0.159,0.425,0.205,0.057999999999999996,3.195,2021
Senegal,Sub-Saharan Africa,5.132000000000001,0.068,5.266,4.998,8.118,0.71,59.802,0.695,-0.046,0.8009999999999999,2.43,0.518,0.5579999999999999,0.35700000000000004,0.381,0.158,0.08800000000000001,3.071,2021
Albania,Central and Eastern Europe,5.117,0.059000000000000004,5.234,5.001,9.52,0.6970000000000001,68.999,0.785,-0.03,0.9009999999999999,2.43,1.008,0.529,0.6459999999999999,0.491,0.168,0.024,2.25,2021
North Macedonia,Central and Eastern Europe,5.101,0.051,5.202000000000001,5.001,9.693,0.805,65.47399999999999,0.7509999999999999,0.038,0.905,2.43,1.068,0.772,0.535,0.45,0.212,0.022000000000000002,2.042,2021
Ghana,Sub-Saharan Africa,5.088,0.067,5.218999999999999,4.958,8.58,0.727,57.586000000000006,0.807,0.12300000000000001,0.848,2.43,0.68,0.595,0.287,0.517,0.268,0.057999999999999996,2.6839999999999997,2021
Niger,Sub-Saharan Africa,5.074,0.102,5.273,4.875,7.098,0.6409999999999999,53.78,0.8059999999999999,0.018000000000000002,0.693,2.43,0.162,0.402,0.16699999999999998,0.516,0.2,0.157,3.47,2021
Turkmenistan,Commonwealth of Independent States,5.066,0.036000000000000004,5.136,4.996,9.629,0.983,62.409,0.877,0.273,0.888,2.43,1.046,1.172,0.439,0.602,0.366,0.033,1.409,2021
Gambia,Sub-Saharan Africa,5.051,0.08900000000000001,5.225,4.877,7.686,0.69,55.16,0.6970000000000001,0.424,0.746,2.43,0.36700000000000005,0.511,0.21,0.384,0.465,0.12300000000000001,2.99,2021
Benin,Sub-Saharan Africa,5.045,0.073,5.189,4.901,8.087,0.489,54.713,0.757,-0.034,0.6609999999999999,2.43,0.507,0.057999999999999996,0.196,0.457,0.166,0.17800000000000002,3.4819999999999998,2021
Laos,Southeast Asia,5.03,0.045,5.119,4.941,8.947000000000001,0.728,58.968,0.91,0.12300000000000001,0.6579999999999999,2.43,0.8079999999999999,0.598,0.33,0.643,0.268,0.179,2.204,2021
Bangladesh,South Asia,5.025,0.046,5.115,4.934,8.454,0.693,64.8,0.877,-0.040999999999999995,0.682,2.43,0.635,0.52,0.514,0.603,0.161,0.16399999999999998,2.427,2021
Guinea,Sub-Saharan Africa,4.984,0.09,5.16,4.808,7.837999999999999,0.639,55.008,0.6970000000000001,0.095,0.7659999999999999,2.43,0.42,0.39899999999999997,0.20600000000000002,0.384,0.25,0.111,3.216,2021
South Africa,Sub-Saharan Africa,4.956,0.06,5.074,4.8389999999999995,9.402999999999999,0.86,56.903999999999996,0.7490000000000001,-0.067,0.86,2.43,0.9670000000000001,0.895,0.265,0.447,0.14400000000000002,0.051,2.187,2021
Turkey,Middle East and North Africa,4.948,0.046,5.038,4.857,10.24,0.8220000000000001,67.199,0.5760000000000001,-0.139,0.7759999999999999,2.43,1.26,0.809,0.59,0.23600000000000002,0.09699999999999999,0.10400000000000001,1.8519999999999999,2021
Pakistan,South Asia,4.934,0.068,5.066,4.802,8.458,0.6509999999999999,58.708999999999996,0.726,0.098,0.787,2.43,0.637,0.423,0.322,0.418,0.252,0.09699999999999999,2.784,2021
Morocco,Middle East and North Africa,4.918,0.06,5.0360000000000005,4.8,8.902999999999999,0.56,66.208,0.774,-0.23600000000000002,0.8009999999999999,2.43,0.792,0.21899999999999997,0.5579999999999999,0.47700000000000004,0.034,0.08800000000000001,2.7489999999999997,2021
Venezuela,Latin America and Caribbean,4.8919999999999995,0.064,5.0169999999999995,4.7669999999999995,9.073,0.861,66.7,0.615,-0.16899999999999998,0.8270000000000001,2.43,0.852,0.897,0.574,0.284,0.078,0.07200000000000001,2.135,2021
Georgia,Commonwealth of Independent States,4.891,0.054000000000000006,4.998,4.785,9.585,0.6709999999999999,64.3,0.7829999999999999,-0.23800000000000002,0.655,2.43,1.03,0.47,0.498,0.488,0.032,0.18100000000000002,2.191,2021
Algeria,Middle East and North Africa,4.887,0.053,4.9910000000000005,4.783,9.342,0.802,66.005,0.48,-0.067,0.752,2.43,0.946,0.765,0.552,0.11900000000000001,0.14400000000000002,0.12,2.242,2021
Ukraine,Commonwealth of Independent States,4.875,0.052000000000000005,4.977,4.773,9.436,0.888,64.902,0.7240000000000001,-0.011000000000000001,0.924,2.43,0.9790000000000001,0.958,0.517,0.41700000000000004,0.18100000000000002,0.01,1.8130000000000002,2021
Iraq,Middle East and North Africa,4.854,0.059000000000000004,4.97,4.738,9.24,0.746,60.583,0.63,-0.053,0.875,2.43,0.91,0.638,0.381,0.302,0.153,0.040999999999999995,2.4290000000000003,2021
Gabon,Sub-Saharan Africa,4.852,0.075,4.998,4.706,9.603,0.7759999999999999,59.961999999999996,0.731,-0.2,0.84,2.43,1.037,0.7070000000000001,0.36200000000000004,0.424,0.057999999999999996,0.064,2.201,2021
Burkina Faso,Sub-Saharan Africa,4.834,0.081,4.993,4.675,7.678,0.672,54.151,0.695,-0.009000000000000001,0.748,2.43,0.364,0.47200000000000003,0.179,0.381,0.182,0.122,3.133,2021
Cambodia,Southeast Asia,4.83,0.067,4.963,4.698,8.36,0.765,62.0,0.9590000000000001,0.034,0.843,2.43,0.603,0.68,0.426,0.7020000000000001,0.21,0.061,2.148,2021
Mozambique,Sub-Saharan Africa,4.794,0.10300000000000001,4.997,4.592,7.1579999999999995,0.7440000000000001,54.706,0.882,0.061,0.684,2.43,0.183,0.634,0.196,0.608,0.228,0.163,2.783,2021
Nigeria,Sub-Saharan Africa,4.7589999999999995,0.052000000000000005,4.861000000000001,4.658,8.533,0.74,50.102,0.737,0.037000000000000005,0.878,2.43,0.6629999999999999,0.625,0.051,0.433,0.212,0.039,2.736,2021
Mali,Sub-Saharan Africa,4.723,0.08199999999999999,4.8839999999999995,4.563,7.744,0.7240000000000001,51.968999999999994,0.6970000000000001,-0.036000000000000004,0.8270000000000001,2.43,0.387,0.59,0.11,0.384,0.16399999999999998,0.07200000000000001,3.016,2021
Iran,Middle East and North Africa,4.721,0.055,4.828,4.614,9.584,0.71,66.3,0.608,0.218,0.7140000000000001,2.43,1.03,0.557,0.561,0.275,0.33,0.14400000000000002,1.8230000000000002,2021
Uganda,Sub-Saharan Africa,4.636,0.073,4.78,4.493,7.6770000000000005,0.7809999999999999,56.101000000000006,0.7090000000000001,0.122,0.855,2.43,0.364,0.718,0.24,0.39799999999999996,0.267,0.054000000000000006,2.596,2021
Liberia,Sub-Saharan Africa,4.625,0.106,4.833,4.417,7.287999999999999,0.72,56.498000000000005,0.735,0.05,0.85,2.43,0.228,0.58,0.253,0.43,0.221,0.057,2.8569999999999998,2021
Kenya,Sub-Saharan Africa,4.607,0.07200000000000001,4.747,4.466,8.361,0.688,60.70399999999999,0.779,0.287,0.825,2.43,0.603,0.508,0.385,0.483,0.375,0.073,2.18,2021
Tunisia,Middle East and North Africa,4.596,0.057999999999999996,4.709,4.484,9.266,0.691,67.20100000000001,0.6559999999999999,-0.201,0.87,2.43,0.919,0.515,0.59,0.33399999999999996,0.057,0.044000000000000004,2.138,2021
Lebanon,Middle East and North Africa,4.584,0.055,4.691,4.477,9.626,0.848,67.355,0.525,-0.073,0.898,2.43,1.045,0.868,0.595,0.175,0.14,0.026000000000000002,1.736,2021
Namibia,Sub-Saharan Africa,4.574,0.064,4.7,4.448,9.161,0.818,56.799,0.7190000000000001,-0.149,0.847,2.43,0.882,0.8009999999999999,0.262,0.41100000000000003,0.091,0.059000000000000004,2.068,2021
Palestinian Territories,Middle East and North Africa,4.5169999999999995,0.067,4.649,4.3839999999999995,8.485,0.826,62.25,0.653,-0.163,0.821,2.43,0.6459999999999999,0.8190000000000001,0.434,0.33,0.08199999999999999,0.075,2.131,2021
Myanmar,Southeast Asia,4.426,0.052000000000000005,4.527,4.324,8.541,0.779,59.302,0.8759999999999999,0.509,0.66,2.43,0.6659999999999999,0.713,0.341,0.601,0.52,0.17800000000000002,1.4069999999999998,2021
Jordan,Middle East and North Africa,4.395,0.062,4.516,4.273,9.182,0.767,67.0,0.755,-0.16699999999999998,0.705,2.43,0.89,0.685,0.583,0.455,0.079,0.15,1.5530000000000002,2021
Chad,Sub-Saharan Africa,4.355,0.094,4.54,4.171,7.364,0.619,48.478,0.579,0.040999999999999995,0.807,2.43,0.255,0.353,0.0,0.24,0.215,0.084,3.2089999999999996,2021
Sri Lanka,South Asia,4.325,0.066,4.454,4.196000000000001,9.47,0.8270000000000001,67.29899999999999,0.841,0.079,0.863,2.43,0.99,0.82,0.593,0.5589999999999999,0.239,0.049,1.075,2021
Swaziland,Sub-Saharan Africa,4.308,0.071,4.448,4.168,9.065,0.77,50.833,0.647,-0.185,0.708,2.43,0.8490000000000001,0.693,0.07400000000000001,0.32299999999999995,0.067,0.147,2.155,2021
Comoros,Sub-Saharan Africa,4.289,0.084,4.454,4.123,8.031,0.626,57.349,0.5479999999999999,0.08199999999999999,0.7809999999999999,2.43,0.488,0.36700000000000005,0.27899999999999997,0.20199999999999999,0.24100000000000002,0.10099999999999999,2.61,2021
Egypt,Middle East and North Africa,4.283,0.045,4.371,4.195,9.367,0.75,61.998000000000005,0.7490000000000001,-0.182,0.795,2.43,0.9540000000000001,0.647,0.426,0.446,0.069,0.092,1.6480000000000001,2021
Ethiopia,Sub-Saharan Africa,4.275,0.051,4.374,4.175,7.694,0.764,59.0,0.752,0.08199999999999999,0.7609999999999999,2.43,0.37,0.679,0.331,0.451,0.24100000000000002,0.114,2.089,2021
Mauritania,Sub-Saharan Africa,4.227,0.07,4.365,4.09,8.542,0.795,57.161,0.561,-0.106,0.731,2.43,0.6659999999999999,0.7490000000000001,0.273,0.218,0.11900000000000001,0.133,2.069,2021
Madagascar,Sub-Saharan Africa,4.208,0.07200000000000001,4.349,4.0680000000000005,7.396,0.6859999999999999,59.305,0.552,-0.005,0.8029999999999999,2.43,0.266,0.503,0.341,0.207,0.185,0.087,2.62,2021
Togo,Sub-Saharan Africa,4.107,0.077,4.258,3.9560000000000004,7.362,0.569,54.913999999999994,0.619,0.032,0.772,2.43,0.254,0.239,0.203,0.289,0.209,0.107,2.806,2021
Zambia,Sub-Saharan Africa,4.073,0.069,4.209,3.938,8.145,0.708,55.809,0.782,0.061,0.823,2.43,0.528,0.552,0.231,0.48700000000000004,0.22699999999999998,0.07400000000000001,1.975,2021
Sierra Leone,Sub-Saharan Africa,3.8489999999999998,0.077,4.001,3.698,7.434,0.63,51.651,0.7170000000000001,0.084,0.866,2.43,0.27899999999999997,0.377,0.1,0.408,0.243,0.047,2.396,2021
India,South Asia,3.819,0.026000000000000002,3.8689999999999998,3.7689999999999997,8.755,0.603,60.633,0.893,0.08900000000000001,0.774,2.43,0.741,0.316,0.38299999999999995,0.622,0.24600000000000002,0.106,1.405,2021
Burundi,Sub-Saharan Africa,3.775,0.107,3.985,3.565,6.635,0.49,53.4,0.626,-0.024,0.607,2.43,0.0,0.062,0.155,0.298,0.172,0.212,2.8760000000000003,2021
Yemen,Middle East and North Africa,3.658,0.07,3.7939999999999996,3.5210000000000004,7.577999999999999,0.8320000000000001,57.122,0.602,-0.147,0.8,2.43,0.32899999999999996,0.831,0.272,0.268,0.092,0.08900000000000001,1.776,2021
Tanzania,Sub-Saharan Africa,3.623,0.071,3.762,3.485,7.876,0.7020000000000001,57.998999999999995,0.833,0.183,0.5770000000000001,2.43,0.433,0.54,0.3,0.5489999999999999,0.307,0.231,1.263,2021
Haiti,Latin America and Caribbean,3.615,0.17300000000000001,3.9530000000000003,3.2760000000000002,7.477,0.54,55.7,0.593,0.42200000000000004,0.721,2.43,0.294,0.17300000000000001,0.22699999999999998,0.257,0.46299999999999997,0.139,2.06,2021
Malawi,Sub-Saharan Africa,3.6,0.092,3.781,3.4189999999999996,6.957999999999999,0.537,57.948,0.78,0.038,0.7290000000000001,2.43,0.113,0.168,0.298,0.484,0.213,0.134,2.19,2021
Lesotho,Sub-Saharan Africa,3.512,0.12,3.748,3.2760000000000002,7.926,0.787,48.7,0.715,-0.131,0.915,2.43,0.451,0.731,0.006999999999999999,0.405,0.10300000000000001,0.015,1.8,2021
Botswana,Sub-Saharan Africa,3.467,0.07400000000000001,3.611,3.322,9.782,0.784,59.269,0.8240000000000001,-0.24600000000000002,0.8009999999999999,2.43,1.099,0.7240000000000001,0.34,0.539,0.027000000000000003,0.08800000000000001,0.648,2021
Rwanda,Sub-Saharan Africa,3.415,0.068,3.548,3.282,7.676,0.552,61.4,0.897,0.061,0.16699999999999998,2.43,0.364,0.20199999999999999,0.40700000000000003,0.627,0.22699999999999998,0.493,1.095,2021
Zimbabwe,Sub-Saharan Africa,3.145,0.057999999999999996,3.259,3.03,7.943,0.75,56.201,0.677,-0.047,0.821,2.43,0.457,0.649,0.243,0.359,0.157,0.075,1.205,2021
Afghanistan,South Asia,2.523,0.038,2.596,2.449,7.695,0.46299999999999997,52.493,0.382,-0.102,0.924,2.43,0.37,0.0,0.126,0.0,0.122,0.01,1.895,2021
